"BUSCADOR DE DATOS COLOCAR ESCUELA","JI 921","","","","","","","","","","","","","","","","","","","","","","","","","","","","","","","","","","","","","","","","","","","","","","","",""
"AGREGAR FECHA","7/8/2026","","","","","","","","","","","","","","","","","","","","","","","","","","","","","","","","","","","","","","","","","","","","","","","",""
"SAE","","","","","","","","","","","","","","","","","","","","","","","","","","","","","","","","","","","","","","","","","","","","","","","","",""
"ESCUELA","SERVICIO","FECHA","CUPO","PROVEEDOR","","","","","","","","","","","","","","","","","","","","","","","","","","","","","","","","","","","","","","","","","","","","",""
"JI 921","DM","7/8/2026","200","GYULAND","","","","","","","","","","","","","","","","","","","","","","","","","","","","","","","","","","","","","","","","","","","","",""
"","COMEDOR JARDINES ","","95","GYULAND","","","","","","","","","","","","","","","","","","","","","","","","","","","","","","","","","","","","","","","","","","","","",""
"LOCALIZACION","","","","","","","","","","","","","","","","","","","","","","","","","","","","","","","","","","","","","","","","","","","","","","","","",""
"ESCUELA","DIRECCION","LOCALIDAD","MAPS","CUE","","","","","","","","","","","","","","","","","","","","","","","","","","","","","","","","","","","","","","","","","","","","",""
"JI 921","Churruca 10485","Churruca","UBICACION","601029","1","","","","","","","","","","","","","","","","","","","","","","","","","","","","","","","","","","","","","","","","","","","",""
"CONTACTO","","","","","","","","","","","","","","","","","","","400","","","","","","","","","","","","","","","","","","","","","","","","","","","","","",""
"ESCUELA","DIRECTORA","TELEFONO","LINK WP","MAIL","","","","","","","","","","","","","","","400","","","","","","","","","","","","","","","","","","","","","","","","","","","","","",""
"JI 921","Miriam Fratini","1136236025","WHATSAPP","jardin921tresdefebrero@abc.gob.ar","","","","","","","","","","","","","","","400","","","","","","","","","","","","","","","","","","","","","","","","","","","","","",""
"","","","","","","","","","","","","","","","","","","","25","","","","","","","","","","","","","","","","","","","","","","","","","","","","","",""
"","","","","","","","","","","","","","","","","","","","180","","","","","","","","","","","","","","","","","","","","","","","","","","","","","",""
"GRAMAJES","SI(AÑO(B3)=2026; 
  {
    IMPORTRANGE(""1EbPIz_KHpPwCBx1qnVuYQ9YakoC3y9p5Xmohg4DvFPA""; ""'COMEDOR GR AGOSTO'!A"" & (6 + (DIASEM(B3; 2)-1)*10) & "":H"" & (15 + (DIASEM(B3; 2)-1)*10));
    IMPORTRANGE(""1EbPIz_KHpPwCBx1qnVuYQ9YakoC3y9p5Xmohg4DvFPA""; ""'COMEDOR GR AGOSTO'!A"" & (57 + (DIASEM(B3; 2)-1)*10) & "":H"" & (66 + (DIASEM(B3; 2)-1)*10))
  }; 
  {
    IMPORTRANGE(""1EbPIz_KHpPwCBx1qnVuYQ9YakoC3y9p5Xmohg4DvFPA""; ""'DM GR AGOSTO'!A"" & (2 + (DIASEM(B3; 2)-1)*10) & "":E"" & (11 + (DIASEM(B3; 2)-1)*10));
    IMPORTRANGE(""1EbPIz_KHpPwCBx1qnVuYQ9YakoC3y9p5Xmohg4DvFPA""; ""'DM GR AGOSTO'!A"" & (53 + (DIASEM(B3; 2)-1)*10) & "":E"" & (62 + (DIASEM(B3; 2)-1)*10))
  }
)","","","","","","","","","","","","","","","","","","","","","","","","","","","","","","","","","","","","","","","","","","","","","","","",""
"PRESTACIÓN","LISTA","MENU","INGREDIENTES","UNIDAD","","","","","","","","PRESTACION","LISTA","DESCRIPCION","ALIMENTO","","","","","","","GR TOTAL","","","","","","","","","","","","","","","","","","","","","","","","","","",""
"COMEDOR","Lista 5","PIZZA CON HUEVO + MANZANA","HARINA 000","G","60","60","90","12","12","18","","DESAYUNO","Lista 5","Leche con infusion + figaza con dulce de leche + manzana/Banana","Leche fluida LV","120","130","140","24","26","28","24 kg","0","","","","","","","","","","","","","","","","","","","","","","","","","",""
"","","","QUESO FRESCO x KG","G","60","60","70","12","12","14","","","","","Azucar","5","5","5","1","1","1","1 kg","1","","","","","","","","","","","","","","","","","","","","","","","","","",""
"","","","LEVADURA EN POLVO","G","0,5","0,5","0,75","0,1","0,1","0,15","","","","","Infusión","1","1","1","0,2","0,2","0,2","0,2 kg","0","","","","","","","","","","","","","","","","","","","","","","","","","",""
"","","","ACEITE GIRASOL","G","15","15","15","3","3","3","","","","","Pan x kg","40","50","65","8","10","13","8 kg","0","","","","","","","","","","","","","","","","","","","","","","","","","",""
"","","","HUEVOS","G","25","25","25","5","5","5","","","","","Dulce de leche","10","15","20","2","3","4","2 kg","5","","","","","","","","","","","","","","","","","","","","","","","","","",""
"","","","TOMATE TRITURADO","G","20","20","25","4","4","5","","","","","Manzana","200","200","200","40","40","40","40 kg","0","","","","","","","","","","","","","","","","","","","","","","","","","",""
"","","","CEBOLLA","G","20","20","20","4","4","4","","","","","","","","","0","0","0","0 kg","0","","","","","","","","","","","","","","","","","","","","","","","","","",""
"","","","SAL","G","0,1","0,1","0,15","0,02","0,02","0,03","","","","","","","","","0","0","0","0 kg","0","","","","","","","","","","","","","","","","","","","","","","","","","",""
"","","","MANZANA","G","150","150","150","30","30","30","","","","","","","","","0","0","0","0 kg","0","","","","","","","","","","","","","","","","","","","","","","","","","",""
"","","","TOTAL","G","350,6","350,6","395,9","70,12","70,12","79,18","","","","","","","","","0","0","0","0 kg","0","","","","","","","","","","","","","","","","","","","","","","","","","",""
"COMEDOR","Lista 10","PIZZA CON HUEVO + MANZANA","HARINA 000","G","60","60","90","12","12","18","","","","","","","","","0","0","0","0 kg","0","","","","","","","","","","","","","","","","","","","","","","","","","",""
"","","","LEVADURA EN POLVO","G","0,5","0,5","0,75","0,1","0,1","0,15","","","","","","","","","0","0","0","0 kg","0","","","","","","","","","","","","","","","","","","","","","","","","","",""
"","","","QUESO FRESCO","G","60","60","70","12","12","14","","","","","","","","","0","0","0","0 kg","0","","","","","","","","","","","","","","","","","","","","","","","","","",""
"","","","CEBOLLA","G","20","30","30","4","6","6","","","","","","","","","0","0","0","0 kg","0","","","","","","","","","","","","","","","","","","","","","","","","","",""
"","","","HUEVO","G","25","30","30","5","6","6","","","","","","","","","0","0","0","0 kg","0","","","","","","","","","","","","","","","","","","","","","","","","","",""
"","","","ACEITE","G","15","15","15","3","3","3","","","","","","","","","0","0","0","0 kg","0","","","","","","","","","","","","","","","","","","","","","","","","","",""
"","","","TOMATE TRITURADO","G","20","20","25","4","4","5","","","","","","","","","0","0","0","0 kg","0","","","","","","","","","","","","","","","","","","","","","","","","","",""
"","","","SAL","G","0,1","0,1","0,15","0,02","0,02","0,03","","","","","","","","","0","0","0","0 kg","0","","","","","","","","","","","","","","","","","","","","","","","","","",""
"","","","MANZANA","G","150","150","150","30","30","30","","","","","","","","","0","0","0","0 kg","0","","","","","","","","","","","","","","","","","","","","","","","","","",""
"","","","TOTAL","G","350,6","365,6","410,9","70,12","73,12","82,18","","","","","","","","","0","0","0","0 kg","0","","","","","","","","","","","","","","","","","","","","","","","","","",""
"","","","","","","","","0","0","0","","","","","","","","","0","0","0","0 kg","0","","","","","","","","","","","","","","","","","","","","","","","","","",""
"","","","","","","","","0","0","0","","","","","","","","","0","0","0","0 kg","0","","","","","","","","","","","","","","","","","","","","","","","","","",""
"","","","","","","","","0","0","0","","","","","","","","","0","0","0","0 kg","0","","","","","","","","","","","","","","","","","","","","","","","","","",""
"","","","","","","","","0","0","0","","","","","","","","","0","0","0","0 kg","0","","","","","","","","","","","","","","","","","","","","","","","","","",""
"","","","","","","","","0","0","0","","","","","","","","","0","0","0","0 kg","0","","","","","","","","","","","","","","","","","","","","","","","","","",""
"","","","","","","","","0","0","0","","","","","","","","","","","","","","","","","","","","","","","","","","","","","","","","","","","","","","",""
"","","","","","","","","0","0","0","","","","","","","","","","","","","","","","","","","","","","","","","","","","","","","","","","","","","","",""
"","","","","","","","","0","0","0","","","","","","","","","","","","","","","","","","","","","","","","","","","","","","","","","","","","","","",""
"","","","","","","","","0","0","0","","","","","","","","","","","","","","","","","","","","","","","","","","","","","","","","","","","","","","",""
"","","","","","","","","0","0","0","","","","","","","","","","","","","","","","","","","","","","","","","","","","","","","","","","","","","","",""
"","","","","","","","","0","0","0","","","","","","","","","","","","","","","","","","","","","","","","","","","","","","","","","","","","","","",""
"","","","","","","","","0","0","0","","","","","","","","","","","","","","","","","","","","","","","","","","","","","","","","","","","","","","",""
"","","","","","","","","0","0","0","","","","","","","","","","","","","","","","","","","","","","","","","","","","","","","","","","","","","","",""
"","","","","","","","","0","0","0","","","","","","","","","","","","","","","","","","","","","","","","","","","","","","","","","","","","","","",""
"","","","","","","","","0","0","0","","","","","","","","","","","","","","","","","","","","","","","","","","","","","","","","","","","","","","",""
"","","","","","","","","0","0","0","","","","","","","","","","","","","","","","","","","","","","","","","","","","","","","","","","","","","","",""
"","","","","","","","","0","0","0","","","","","","","","","","","","","","","","","","","","","","","","","","","","","","","","","","","","","","",""
"","","","","","","","","0","0","0","","","","","","","","","","","","","","","","","","","","","","","","","","","","","","","","","","","","","","",""
"","","","","","","","","0","0","0","","","","","","","","","","","","","","","","","","","","","","","","","","","","","","","","","","","","","","",""
"","","","","","","","","0","0","0","","","","","","","","","","","","","","","","","","","","","","","","","","","","","","","","","","","","","","",""
"","","","","","","","","0","0","0","","","","","","","","","","","","","","","","","","","","","","","","","","","","","","","","","","","","","","",""
"","","","","","","","","0","0","0","","","","","","","","","","","","","","","","","","","","","","","","","","","","","","","","","","","","","","",""
"","","","","","","","","0","0","0","","","","","","","","","","","","","","","","","","","","","","","","","","","","","","","","","","","","","","",""
"","","","","","","","","0","0","0","","","","","","","","","","","","","","","","","","","","","","","","","","","","","","","","","","","","","","",""
"","","","","","","","","0","0","0","","","","","","","","","","","","","","","","","","","","","","","","","","","","","","","","","","","","","","",""
"","","","","","","","","0","0","0","","","","","","","","","","","","","","","","","","","","","","","","","","","","","","","","","","","","","","",""
"","","","","","","","","0","0","0","","","","","","","","","","","","","","","","","","","","","","","","","","","","","","","","","","","","","","",""
"","","","","","","","","0","0","0","","","","","","","","","","","","","","","","","","","","","","","","","","","","","","","","","","","","","","",""
"","","","","","","","","0","0","0","","","","","","","","","","","","","","","","","","","","","","","","","","","","","","","","","","","","","","",""
"","","","","","","","","0","0","0","","","","","","","","","","","","","","","","","","","","","","","","","","","","","","","","","","","","","","",""
"","","","","","","","","0","0","0","","","","","","","","","","","","","","","","","","","","","","","","","","","","","","","","","","","","","","",""
"","","","","","","","","0","0","0","","","","","","","","","","","","","","","","","","","","","","","","","","","","","","","","","","","","","","",""
"","","","","","","","","0","0","0","","","","","","","","","","","","","","","","","","","","","","","","","","","","","","","","","","","","","","",""
"","","","","","","","","0","0","0","","","","","","","","","","","","","","","","","","","","","","","","","","","","","","","","","","","","","","",""
"","","","","","","","","0","0","0","","","","","","","","","","","","","","","","","","","","","","","","","","","","","","","","","","","","","","",""
"","","","","","","","","0","0","0","","","","","","","","","","","","","","","","","","","","","","","","","","","","","","","","","","","","","","",""
"","","","","","","","","0","0","0","","","","","","","","","","","","","","","","","","","","","","","","","","","","","","","","","","","","","","",""
"","","","","","","","","0","0","0","","","","","","","","","","","","","","","","","","","","","","","","","","","","","","","","","","","","","","",""
"","","","","","","","","0","0","0","","","","","","","","","","","","","","","","","","","","","","","","","","","","","","","","","","","","","","",""
"","","","","","","","","0","0","0","","","","","","","","","","","","","","","","","","","","","","","","","","","","","","","","","","","","","","",""
"","","","","","","","","0","0","0","","","","","","","","","","","","","","","","","","","","","","","","","","","","","","","","","","","","","","",""
"","","","","","","","","0","0","0","","","","","","","","","","","","","","","","","","","","","","","","","","","","","","","","","","","","","","",""
"","","","","","","","","0","0","0","","","","","","","","","","","","","","","","","","","","","","","","","","","","","","","","","","","","","","",""
"","","","","","","","","0","0","0","","","","","","","","","","","","","","","","","","","","","","","","","","","","","","","","","","","","","","",""
"","","","","","","","","0","0","0","","","","","","","","","","","","","","","","","","","","","","","","","","","","","","","","","","","","","","",""
"","","","","","","","","0","0","0","","","","","","","","","","","","","","","","","","","","","","","","","","","","","","","","","","","","","","",""
"","","","","","","","","0","0","0","","","","","","","","","","","","","","","","","","","","","","","","","","","","","","","","","","","","","","",""
"","","","","","","","","0","0","0","","","","","","","","","","","","","","","","","","","","","","","","","","","","","","","","","","","","","","",""
"","","","","","","","","0","0","0","","","","","","","","","","","","","","","","","","","","","","","","","","","","","","","","","","","","","","",""
"","","","","","","","","0","0","0","","","","","","","","","","","","","","","","","","","","","","","","","","","","","","","","","","","","","","",""
"","","","","","","","","0","0","0","","","","","","","","","","","","","","","","","","","","","","","","","","","","","","","","","","","","","","",""
"","","","","","","","","0","0","0","","","","","","","","","","","","","","","","","","","","","","","","","","","","","","","","","","","","","","",""
"","","","","","","","","0","0","0","","","","","","","","","","","","","","","","","","","","","","","","","","","","","","","","","","","","","","",""
"","","","","","","","","0","0","0","","","","","","","","","","","","","","","","","","","","","","","","","","","","","","","","","","","","","","",""
"","","","","","","","","0","0","0","","","","","","","","","","","","","","","","","","","","","","","","","","","","","","","","","","","","","","",""
"","","","","","","","","0","0","0","","","","","","","","","","","","","","","","","","","","","","","","","","","","","","","","","","","","","","",""
"","","","","","","","","0","0","0","","","","","","","","","","","","","","","","","","","","","","","","","","","","","","","","","","","","","","",""
"","","","","","","","","0","0","0","","","","","","","","","","","","","","","","","","","","","","","","","","","","","","","","","","","","","","",""
"","","","","","","","","0","0","0","","","","","","","","","","","","","","","","","","","","","","","","","","","","","","","","","","","","","","",""
"","","","","","","","","0","0","0","","","","","","","","","","","","","","","","","","","","","","","","","","","","","","","","","","","","","","",""
"","","","","","","","","0","0","0","","","","","","","","","","","","","","","","","","","","","","","","","","","","","","","","","","","","","","",""
"","","","","","","","","0","0","0","","","","","","","","","","","","","","","","","","","","","","","","","","","","","","","","","","","","","","",""
"","","","","","","","","0","0","0","","","","","","","","","","","","","","","","","","","","","","","","","","","","","","","","","","","","","","",""
"","","","","","","","","","","","","","","","","","","","","","","","","","","","","","","","","","","","","","","","","","","","","","","","","COMEDOR",""